{"type": "edu.olin.pie.grandmaster.camera-calibration", "camera_matrix": [[2021.4184815981923, 0.0, 394.72762627715036], [0.0, 2033.9300251348773, 249.42163457954598], [0.0, 0.0, 1.0]], "distortion": [[-1.3218699879288942, -32.16757049054082, 0.06802195240446135, 0.002873555313732921, 1086.196985297683]]}