{"type": "edu.olin.pie.grandmaster.camera-calibration", "camera_matrix": [[945.4916208124637, 0.0, 953.7010617215104], [0.0, 944.4536357621463, 499.1617631881813], [0.0, 0.0, 1.0]], "distortion": [[-0.363075815320751, 0.18158212592157133, 0.0006743910030425525, 0.00026507489670147335, -0.05338476317940393]]}